<?xml version="1.0" encoding="UTF-8"?>

<configuration scan="true" scanPeriod="30 seconds">

	<!-- logback 로그 레벨 5단계 -->
	<!--
		1. ERROR : 일반 에러
		2. WARN  : 주의 필요(잠재적 문제)
		3. INFO  : 일반 정보(프로그램이 진행되는 상황)
		4. DEBUG : 상세 정보(디버깅)
		5. TRACE : 경로 추적(DEBUG보다 세밀한 정보)
	-->

	<!-- Appenders : 로그를 출력하는 Appender를 모아 둔다. -->
	<!--
		%date{패턴} : 로그기록시간(SimpleDateFormat과 동일한 패턴 방식을 사용한다.)
		%level      : 로그레벨(FATAL, ERROR, WARN, INFO, DEBUG, TRACE), %-5level : 5자리 + 왼쪽정렬로 표시한다.
		%logger     : 로그를 찍는 클래스명
		%msg        : 로그메시지
		%n          : 줄 바꿈
	-->

		<!-- Console 화면에 로그를 찍는 console Appender -->
	<appender name="console" class="ch.qos.logback.core.ConsoleAppender">
		<encoder>
			<pattern>
				[%date{HH:mm:ss.SSS, Asia/Seoul}][%-5level][%logger] - %msg%n
			</pattern>
		</encoder>
	</appender>
	
	<!-- Application Loggers : com.gdu.app08 패키지는 debug 수준의 로그 레벨을 가진다. -->
	<logger name="com.gdu.staff">
		<level value="debug" />
	</logger>
	
	<!-- 3rdparty Loggers : Spring Framework가 info 수준의 로그 레벨을 가진다. -->
	<logger name="org.springframework.core">
		<level value="info" />
	</logger>
	<logger name="org.springframework.beans">
		<level value="info" />
	</logger>
	<logger name="org.springframework.context">
		<level value="info" />
	</logger>
	<logger name="org.springframework.web">
		<level value="info" />
	</logger>

	<!-- Root Logger -->
	<root>
		<appender-ref ref="console" />
	</root>
	
</configuration>